"headline","platform","brand","createdAt"
"At 60 miles an hour the loudest noise in this new Rolls-Royce comes from the electric clock",,"Rolls-Royce","2025-04-01T09:01:42.389Z"
"Wife of famous movie star swears under oath her new perfume does not contain an illegal sexual stimulant",,"","2025-04-01T09:01:42.781Z"
"Sam Ovens Shares His Simple Process For Starting A Consulting Business And Scaling It To 7-Figures Quickly",,"Consulting.com","2025-04-01T09:01:42.815Z"
"9 Millionaires Were Created With This Advice (Ignore At Your Peril)",,"consulting.com","2025-04-03T09:06:09.964Z"
"How A 26 yo Punk Started A Consulting Biz In Parents Garage, Moved To Manhattan & Made $10M In 4 yrs",,"consulting.com","2025-04-03T09:06:09.964Z"
"How Did These 9 Entrepreneurs Make 7-Figures And Get On This Private Jet?",,"consulting.com","2025-04-03T09:06:09.964Z"
"Advice For Consultants Struggling To Get Clients - From A Consultant Who Has Too Many",,"consulting.com","2025-04-03T09:06:09.964Z"
"you never actually own a Patek Philippe. you merely look after it for the next generation",,"Patek Philippe","2025-04-03T09:06:09.965Z"
"How I Went from Indie Lurker to Indie Hacker",,"Key Values","2025-04-03T09:06:09.965Z"
"30 Minutes or free pizza",,"Dominos Pizza","2025-04-03T09:06:09.966Z"
"When you're only No.2, you try harder. Or else.",,"Hertz","2025-04-03T09:28:23.799Z"
"You can see the lemon in Schweppes Bitter Lemon. That's because Schweppes uses whole, fresh lemons. Juice, pulp, peel, everything.",,"Schweppes","2025-04-03T09:28:23.799Z"
"Everyone knows we've been to Puerto Rico when we uncork the rum.",,"Puerto Rico","2025-04-03T09:28:23.800Z"
"Should every corporation buy its president a Rolls-Royce?",,"Rolls-Royce","2025-04-03T09:28:23.800Z"
"Our return policy is simple. You will return.",,"Land Rover","2025-04-03T09:28:23.800Z"
"Yesterday you said tomorrow",,"Nike","2025-04-03T09:28:23.800Z"
"Picks up five times more women than a Lamborghini",,"Daihatsu","2025-04-03T09:28:23.800Z"
"We like our clients because of their money. They like us because of our honesty.",,"Hyposwiss Private Bank","2025-04-03T09:28:23.801Z"
"The dating app designed to be deleted",,"Hinge","2025-04-03T09:28:23.802Z"
"99 problems but a hip ain't one",,"","2025-04-03T09:28:23.802Z"
"If you're 38, you have about 42 holidays left",,"","2025-04-03T09:28:23.802Z"
"The original search engine",,"Toyota Land Cruiser","2025-04-03T09:28:23.802Z"
"The amazing story of a Zippo that worked after being taken from the belly of a fish",,"Zippo","2025-04-03T09:28:23.802Z"
"An ex-safecracker confesses that he never cracked a Chubb safe",,"Chubb","2025-04-03T09:28:23.802Z"
"I am sending my son to Groton with money I have saved driving Austins",,"Austin","2025-04-03T09:28:23.804Z"
"What you should know about KLM and the careful, reliable Dutch before your next flight to Paris, Rome, Amsterdam or 34 other cities in Europe",,"KLM","2025-04-03T09:28:23.804Z"
"Revolutionary new kind of drain opener invented; unclogs drains in 1 second",,"","2025-04-03T09:28:23.804Z"
"How 10 years of crossbreeding at Burpee produced Ambrosia, the sweetest, juiciest cantaloupe this side of heaven",,"Ambrosia","2025-04-03T09:28:23.805Z"
"This Is The ONLY Thing Standing Between You And A Six-Figure Writing Career",,"McMillen","2025-04-07T18:44:03.718Z"
"How I drive 10 high quality leads per month via LinkedIn with minimal investment",,"","2025-04-07T18:44:03.719Z"
"You’re not just steering a drone, you’re keeping our troops safe",,"Singapore Army","2025-04-07T18:44:03.719Z"
"The Man Who Built 300 apps in 3 years",,"Hampton","2025-04-07T18:44:03.719Z"
"The Complete Guide To Website Copywriting",,"","2025-04-07T18:44:03.721Z"
"An Open Letter to Every Attractive Woman in Miami Who Is Serious about Having a Career As a Professional Model",,"","2025-04-09T11:24:01.953Z"
"Here Is A Little-Known SecretThat Can Help You Make Serious Profits Trading Nasdaq Stocks!",,"","2025-04-09T11:24:01.953Z"
"Do You Have What It Takes To Be A Day Trader In The Hottest Financial Market In The World?",,"","2025-04-09T11:24:01.953Z"
"BA can't get it up",,"Virgin Airlines","2025-04-09T11:24:01.954Z"
"How to Title YouTube Videos: 15 Tips (With Real Examples)","Google Search Results","Jasper AI","2025-04-09T11:32:33.539Z"
"How To Write A Value Proposition In 5 Simple Steps","Blog","","2025-04-09T11:32:53.622Z"