Headline,Media,Media
"The 8 Most Lucrative Career Pivot Opportunities For Freelance Writers
",,Blog
"How To Write A Headline (Steal These 25 Plug & Play Formulas)
",,Blog
"How To Become A Copywriter & Earn Six Figures+ In 2019
",,Blog
"The 10 Best Writer Websites To Learn From In 2019
",,Blog
"The Amazing Lost Money Secret of the US Government
",,Print
"Researchers In FDA Certified Lab Discover How To Triple Your Energy!
",,Print
"Generous, Creative Businessman Wants To Find A Hot, Sexy Woman With A Good Sense Of Humor
",,Print
"The Amazing ""Facelift in a Jar"" Used by Hollywood Stars Who Don't Want Plastic Surgery
",,Print
"The Amazing Money Making Secret of a Desperate Nerd from Ohio!
",,Print
"Who ever Heard of a Woman Losing Weight — and Enjoying 3 Delicious Meals at the Same Time?
",,Print
Six Types of Investor — Which Group are You in?,,Blog
"76 Reasons Why It Would Have Paid You To Answer Our Ad A few Months Ago
",,Print
"Suppose This Happened on Your Wedding Day!
",,Blog
"How a New Discovery from Asia Seems to Burn off Body Fat for Almost Everybody Who Tries It!
",,Print